player_id,first_name,last_name,country,surface,wins,matches,win_rate,surface_rank
104745,Rafael,Nadal,ESP,Clay,167,195,0.8564,1
207989,Carlos,Alcaraz,ESP,Clay,103,122,0.8443,2
104925,Novak,Djokovic,SRB,Clay,153,186,0.8226,3
126774,Stefanos,Tsitsipas,GRE,Clay,124,165,0.7515,4
100644,Alexander,Zverev,GER,Clay,165,221,0.7466,5
134770,Casper,Ruud,NOR,Clay,161,218,0.7385,6
104918,Andy,Murray,GBR,Clay,47,64,0.7344,7
126610,Matteo,Berrettini,ITA,Clay,67,92,0.7283,8
103819,Roger,Federer,SUI,Clay,28,39,0.7179,9
206173,Jannik,Sinner,ITA,Clay,65,91,0.7143,10
106233,Dominic,Thiem,AUT,Clay,151,216,0.6991,11
209260,Luciano,Darderi,ITA,Clay,43,63,0.6825,12
105453,Kei,Nishikori,JPN,Clay,76,112,0.6786,13
105683,Milos,Raonic,CAN,Clay,30,45,0.6667,14
126094,Andrey,Rublev,RUS,Clay,88,134,0.6567,15
207518,Lorenzo,Musetti,ITA,Clay,78,119,0.6555,16
103970,David,Ferrer,ESP,Clay,52,81,0.642,17
144684,Alex,Molcan,SVK,Clay,31,49,0.6327,18
202104,Sebastian,Baez,ARG,Clay,82,130,0.6308,19
104607,Tomas,Berdych,CZE,Clay,29,46,0.6304,20
105223,Juan Martin,del Potro,ARG,Clay,22,35,0.6286,21
208029,Holger,Rune,DEN,Clay,57,91,0.6264,22
111815,Cameron,Norrie,GBR,Clay,70,113,0.6195,23
106426,Cristian,Garin,CHI,Clay,87,143,0.6084,24
202103,Francisco,Cerundolo,ARG,Clay,80,132,0.6061,25
209950,Arthur,Fils,FRA,Clay,29,48,0.6042,26
105676,David,Goffin,BEL,Clay,84,140,0.6,27
106401,Nick,Kyrgios,AUS,Clay,27,45,0.6,28
210150,Jakub,Mensik,CZE,Clay,12,20,0.6,29
104655,Pablo,Cuevas,URU,Clay,103,172,0.5988,30
104545,John,Isner,USA,Clay,43,72,0.5972,31
207925,Flavio,Cobolli,ITA,Clay,28,47,0.5957,32
105227,Marin,Cilic,CRO,Clay,61,103,0.5922,33
103607,Victor,Estrella,DOM,Clay,29,49,0.5918,34
111513,Laslo,Djere,SRB,Clay,104,177,0.5876,35
111575,Karen,Khachanov,RUS,Clay,78,133,0.5865,36
111190,Zhizhen,Zhang,CHN,Clay,21,36,0.5833,37
207733,Jack,Draper,GBR,Clay,21,36,0.5833,37
105777,Grigor,Dimitrov,BUL,Clay,72,124,0.5806,39
104527,Stan,Wawrinka,SUI,Clay,65,112,0.5804,40
105807,Pablo,Carreno Busta,ESP,Clay,102,177,0.5763,41
104259,Philipp,Kohlschreiber,GER,Clay,62,108,0.5741,42
126203,Taylor,Fritz,USA,Clay,55,96,0.5729,43
128034,Hubert,Hurkacz,POL,Clay,44,77,0.5714,44
106043,Diego,Schwartzman,ARG,Clay,118,207,0.57,45
105373,Martin,Klizan,SVK,Clay,45,79,0.5696,46
106421,Daniil,Medvedev,RUS,Clay,46,81,0.5679,47
211663,Joao,Fonseca,BRA,Clay,13,23,0.5652,48
104926,Fabio,Fognini,ITA,Clay,116,207,0.5604,49
106432,Borna,Coric,CRO,Clay,66,118,0.5593,50
111797,Nicolas,Jarry,CHI,Clay,74,133,0.5564,51
105138,Roberto,Bautista Agut,ESP,Clay,84,151,0.5563,52
104542,Jo-Wilfried,Tsonga,FRA,Clay,31,56,0.5536,53
106058,Jack,Sock,USA,Clay,26,47,0.5532,54
104597,Nicolas,Almagro,ESP,Clay,37,67,0.5522,55
208363,Mariano,Navone,ARG,Clay,27,49,0.551,56
111202,Hyeon,Chung,KOR,Clay,17,31,0.5484,57
105643,Federico,Delbonis,ARG,Clay,100,183,0.5464,58
104338,Juan,Monaco,ARG,Clay,24,44,0.5455,59
126205,Tommy,Paul,USA,Clay,37,68,0.5441,60
208286,Matteo,Arnaldi,ITA,Clay,25,46,0.5435,61
105077,Albert,Ramos,ESP,Clay,145,267,0.5431,62
200000,Felix,Auger Aliassime,CAN,Clay,53,98,0.5408,63
104731,Kevin,Anderson,RSA,Clay,28,52,0.5385,64
200624,Sebastian,Korda,USA,Clay,28,52,0.5385,64
200221,Alejandro,Davidovich Fokina,ESP,Clay,51,95,0.5368,66
104755,Richard,Gasquet,FRA,Clay,66,123,0.5366,67
105916,Marton,Fucsovics,HUN,Clay,54,101,0.5347,68
105379,Aljaz,Bedene,SLO,Clay,56,105,0.5333,69
105870,Yannick,Hanfmann,GER,Clay,56,105,0.5333,69
210097,Ben,Shelton,USA,Clay,18,34,0.5294,71
105238,Alexandr,Dolgopolov,UKR,Clay,20,38,0.5263,72
104269,Fernando,Verdasco,ESP,Clay,61,117,0.5214,73
105526,Jan Lennard,Struff,GER,Clay,75,144,0.5208,74
200282,Alex,De Minaur,AUS,Clay,40,77,0.5195,75
104620,Simone,Bolelli,ITA,Clay,15,29,0.5172,76
105550,Guido,Pella,ARG,Clay,61,118,0.5169,77
144869,Tomas Martin,Etcheverry,ARG,Clay,48,93,0.5161,78
105449,Steve,Johnson,USA,Clay,32,62,0.5161,79
200303,Pavel,Kotov,RUS,Clay,17,33,0.5152,80
208103,Jiri,Lehecka,CZE,Clay,21,41,0.5122,81
105948,Federico,Coria,ARG,Clay,50,98,0.5102,82
122298,Botic,Van De Zandschulp,NED,Clay,27,53,0.5094,83
126214,Alejandro,Tabilo,CHI,Clay,28,55,0.5091,84
106298,Lucas,Pouille,FRA,Clay,38,75,0.5067,85
104792,Gael,Monfils,FRA,Clay,48,95,0.5053,86
133430,Denis,Shapovalov,CAN,Clay,38,76,0.5,87
122330,Alexander,Bublik,KAZ,Clay,37,74,0.5,88
134868,Tallon,Griekspoor,NED,Clay,29,58,0.5,89
200615,Alexei,Popyrin,AUS,Clay,29,58,0.5,89
200116,Camilo,Ugo Carabelli,ARG,Clay,18,36,0.5,91
206681,Fabian,Marozsan,HUN,Clay,16,32,0.5,92
207680,Facundo,Diaz Acosta,ARG,Clay,16,32,0.5,92
207830,Tomas,Machac,CZE,Clay,14,28,0.5,94
126207,Frances,Tiafoe,USA,Clay,45,91,0.4945,95
106148,Roberto,Carballes Baena,ESP,Clay,86,174,0.4943,96
105583,Dusan,Lajovic,SRB,Clay,106,215,0.493,97
104198,Guillermo,Garcia Lopez,ESP,Clay,35,71,0.493,98
132686,Nuno,Borges,POR,Clay,24,49,0.4898,99
124186,Alexandre,Muller,FRA,Clay,23,47,0.4894,100
104919,Leonardo,Mayer,ARG,Clay,45,92,0.4891,101
106234,Aslan,Karatsev,RUS,Clay,22,45,0.4889,102
105064,Thomaz,Bellucci,BRA,Clay,42,86,0.4884,103
200175,Miomir,Kecmanovic,SRB,Clay,41,84,0.4881,104
106000,Damir,Dzumhur,BIH,Clay,46,95,0.4842,105
106228,Juan Ignacio,Londero,ARG,Clay,30,62,0.4839,106
132283,Lorenzo,Sonego,ITA,Clay,54,112,0.4821,107
106065,Marco,Cecchinato,ITA,Clay,66,137,0.4818,108
144719,Jaume,Munar,ESP,Clay,72,150,0.48,109
105023,Sam,Querrey,USA,Clay,22,46,0.4783,110
106210,Jiri,Vesely,CZE,Clay,50,105,0.4762,111
104468,Gilles,Simon,FRA,Clay,39,82,0.4756,112
103852,Feliciano,Lopez,ESP,Clay,38,80,0.475,113
126523,Bernabe,Zapata Miralles,ESP,Clay,28,59,0.4746,114
206909,Brandon,Nakashima,USA,Clay,17,36,0.4722,115
104547,Horacio,Zeballos,ARG,Clay,25,53,0.4717,116
105311,Joao,Sousa,POR,Clay,71,151,0.4702,117
105936,Filip,Krajinovic,SRB,Clay,30,64,0.4688,118
105053,Santiago,Giraldo,COL,Clay,29,62,0.4677,119
104665,Pablo,Andujar,ESP,Clay,43,92,0.4674,120
124079,Pedro,Martinez,ESP,Clay,50,107,0.4673,121
106378,Kyle,Edmund,GBR,Clay,26,56,0.4643,122
105932,Nikoloz,Basilashvili,GEO,Clay,45,97,0.4639,123
104871,Jeremy,Chardy,FRA,Clay,38,82,0.4634,124
105723,Andrey,Kuznetsov,RUS,Clay,19,41,0.4634,125
136440,Dominik,Koepfer,GER,Clay,19,41,0.4634,125
126239,Arthur,Rinderknech,FRA,Clay,25,54,0.463,127
105332,Benoit,Paire,FRA,Clay,57,125,0.456,128
104586,Lukas,Rosol,CZE,Clay,15,33,0.4545,129
124116,Sebastian,Ofner,AUT,Clay,25,56,0.4464,130
103990,Tommy,Robredo,ESP,Clay,16,36,0.4444,131
104678,Viktor,Troicki,SRB,Clay,16,36,0.4444,131
103893,Paolo,Lorenzi,ITA,Clay,38,86,0.4419,133
104898,Robin,Haase,NED,Clay,28,64,0.4375,134
207686,Alexander,Shevchenko,KAZ,Clay,18,42,0.4286,135
106214,Oscar,Otte,GER,Clay,9,21,0.4286,136
104291,Malek,Jaziri,TUN,Clay,20,47,0.4255,137
127157,Daniel,Altmaier,GER,Clay,31,73,0.4247,138
104559,Teymuraz,Gabashvili,RUS,Clay,11,26,0.4231,139
124187,Reilly,Opelka,USA,Clay,16,38,0.4211,140
144895,Corentin,Moutet,FRA,Clay,33,79,0.4177,141
104719,Marcel,Granollers,ESP,Clay,19,46,0.413,142
144707,Mikael,Ymer,SWE,Clay,14,34,0.4118,143
104797,Denis,Istomin,UZB,Clay,23,56,0.4107,144
125802,Ilya,Ivashka,BLR,Clay,16,39,0.4103,145
104180,Gilles,Muller,LUX,Clay,9,22,0.4091,146
106398,Pedro,Cachin,ARG,Clay,20,49,0.4082,147
105732,Pierre Hugues,Herbert,FRA,Clay,19,47,0.4043,148
103333,Ivo,Karlovic,CRO,Clay,14,35,0.4,149
104890,Andreas,Haider Maurer,AUT,Clay,12,30,0.4,150
111460,Quentin,Halys,FRA,Clay,12,30,0.4,150
104327,Steve,Darcis,BEL,Clay,8,20,0.4,152
105357,John,Millman,AUS,Clay,19,48,0.3958,153
106218,Marcos,Giron,USA,Clay,20,51,0.3922,154
106415,Yoshihito,Nishioka,JPN,Clay,19,49,0.3878,155
200325,Emil,Ruusuvuori,FIN,Clay,16,42,0.381,156
104660,Sergiy,Stakhovsky,UKR,Clay,8,21,0.381,157
105992,Ryan,Harrison,USA,Clay,8,21,0.381,157
105430,Radu,Albot,MDA,Clay,22,58,0.3793,159
126128,Roman,Safiullin,RUS,Clay,9,24,0.375,160
109739,Maximilian,Marterer,GER,Clay,19,51,0.3725,161
200267,Zizou,Bergs,BEL,Clay,8,22,0.3636,162
106296,Gregoire,Barrere,FRA,Clay,10,28,0.3571,163
104312,Andreas,Seppi,ITA,Clay,19,54,0.3519,164
105208,Ernests,Gulbis,LAT,Clay,13,37,0.3514,165
103565,Stephane,Robert,FRA,Clay,7,20,0.35,166
105376,Peter,Gojowczyk,GER,Clay,7,20,0.35,166
104999,Mischa,Zverev,GER,Clay,13,38,0.3421,168
105554,Daniel,Evans,GBR,Clay,19,57,0.3333,169
126127,Benjamin,Bonzi,FRA,Clay,7,21,0.3333,170
111442,Jordan,Thompson,AUS,Clay,16,50,0.32,171
200005,Ugo,Humbert,FRA,Clay,16,51,0.3137,172
144817,Marc Andrea,Huesler,SUI,Clay,8,26,0.3077,173
105062,Mikhail,Kukushkin,KAZ,Clay,15,49,0.3061,174
104252,Florian,Mayer,GER,Clay,10,33,0.303,175
105815,Tennys,Sandgren,USA,Clay,9,30,0.3,176
111456,Mackenzie,Mcdonald,USA,Clay,9,32,0.2813,177
104022,Mikhail,Youzhny,RUS,Clay,8,32,0.25,178
105575,Ricardas,Berankis,LTU,Clay,7,28,0.25,179
106071,Bernard,Tomic,AUS,Clay,8,33,0.2424,180
144750,Lloyd,Harris,RSA,Clay,6,25,0.24,181
105173,Adrian,Mannarino,FRA,Clay,13,59,0.2203,182
104925,Novak,Djokovic,SRB,Grass,66,72,0.9167,1
207989,Carlos,Alcaraz,ESP,Grass,35,39,0.8974,2
103819,Roger,Federer,SUI,Grass,61,71,0.8592,3
104745,Rafael,Nadal,ESP,Grass,23,29,0.7931,4
126610,Matteo,Berrettini,ITA,Grass,42,54,0.7778,5
105227,Marin,Cilic,CRO,Grass,49,65,0.7538,6
104918,Andy,Murray,GBR,Grass,41,55,0.7455,7
206173,Jannik,Sinner,ITA,Grass,29,39,0.7436,8
105683,Milos,Raonic,CAN,Grass,40,56,0.7143,9
104731,Kevin,Anderson,RSA,Grass,30,43,0.6977,10
104180,Gilles,Muller,LUX,Grass,32,47,0.6809,11
104545,John,Isner,USA,Grass,32,47,0.6809,11
207733,Jack,Draper,GBR,Grass,19,28,0.6786,13
106421,Daniil,Medvedev,RUS,Grass,51,76,0.6711,14
103917,Nicolas,Mahut,FRA,Grass,18,27,0.6667,15
100644,Alexander,Zverev,GER,Grass,45,68,0.6618,16
126094,Andrey,Rublev,RUS,Grass,23,35,0.6571,17
122330,Alexander,Bublik,KAZ,Grass,38,58,0.6552,18
104607,Tomas,Berdych,CZE,Grass,19,29,0.6552,19
105138,Roberto,Bautista Agut,ESP,Grass,47,72,0.6528,20
126203,Taylor,Fritz,USA,Grass,46,71,0.6479,21
105453,Kei,Nishikori,JPN,Grass,22,34,0.6471,22
200282,Alex,De Minaur,AUS,Grass,36,56,0.6429,23
105023,Sam,Querrey,USA,Grass,43,67,0.6418,24
126205,Tommy,Paul,USA,Grass,25,39,0.641,25
111575,Karen,Khachanov,RUS,Grass,32,50,0.64,26
200624,Sebastian,Korda,USA,Grass,16,25,0.64,27
128034,Hubert,Hurkacz,POL,Grass,26,41,0.6341,28
200000,Felix,Auger Aliassime,CAN,Grass,29,46,0.6304,29
134868,Tallon,Griekspoor,NED,Grass,20,32,0.625,30
207518,Lorenzo,Musetti,ITA,Grass,18,29,0.6207,31
106401,Nick,Kyrgios,AUS,Grass,31,50,0.62,32
103333,Ivo,Karlovic,CRO,Grass,27,44,0.6136,33
105676,David,Goffin,BEL,Grass,27,45,0.6,34
202385,Jenson,Brooksby,USA,Grass,12,20,0.6,35
208103,Jiri,Lehecka,CZE,Grass,12,20,0.6,35
104755,Richard,Gasquet,FRA,Grass,28,47,0.5957,37
105173,Adrian,Mannarino,FRA,Grass,61,103,0.5922,38
106210,Jiri,Vesely,CZE,Grass,22,38,0.5789,39
111153,Christopher,Eubanks,USA,Grass,15,26,0.5769,40
106298,Lucas,Pouille,FRA,Grass,20,35,0.5714,41
206909,Brandon,Nakashima,USA,Grass,20,35,0.5714,41
208029,Holger,Rune,DEN,Grass,12,21,0.5714,43
105449,Steve,Johnson,USA,Grass,33,58,0.569,44
104312,Andreas,Seppi,ITA,Grass,29,51,0.5686,45
104999,Mischa,Zverev,GER,Grass,17,30,0.5667,46
105777,Grigor,Dimitrov,BUL,Grass,26,46,0.5652,47
104542,Jo-Wilfried,Tsonga,FRA,Grass,13,23,0.5652,48
103852,Feliciano,Lopez,ESP,Grass,31,55,0.5636,49
104252,Florian,Mayer,GER,Grass,14,25,0.56,50
210506,Alex,Michelsen,USA,Grass,14,25,0.56,50
104571,Marcos,Baghdatis,CYP,Grass,19,34,0.5588,52
106071,Bernard,Tomic,AUS,Grass,24,43,0.5581,53
132283,Lorenzo,Sonego,ITA,Grass,26,47,0.5532,54
126774,Stefanos,Tsitsipas,GRE,Grass,23,42,0.5476,55
200005,Ugo,Humbert,FRA,Grass,29,53,0.5472,56
104792,Gael,Monfils,FRA,Grass,24,44,0.5455,57
126207,Frances,Tiafoe,USA,Grass,24,44,0.5455,57
104468,Gilles,Simon,FRA,Grass,26,48,0.5417,59
111815,Cameron,Norrie,GBR,Grass,26,48,0.5417,59
202195,Maxime,Cressy,USA,Grass,13,24,0.5417,61
106058,Jack,Sock,USA,Grass,11,21,0.5238,62
111442,Jordan,Thompson,AUS,Grass,35,67,0.5224,63
125802,Ilya,Ivashka,BLR,Grass,12,23,0.5217,64
210097,Ben,Shelton,USA,Grass,12,23,0.5217,64
104926,Fabio,Fognini,ITA,Grass,14,27,0.5185,66
144895,Corentin,Moutet,FRA,Grass,14,27,0.5185,66
104678,Viktor,Troicki,SRB,Grass,16,31,0.5161,68
106218,Marcos,Giron,USA,Grass,19,37,0.5135,69
105916,Marton,Fucsovics,HUN,Grass,20,39,0.5128,70
111456,Mackenzie,Mcdonald,USA,Grass,19,38,0.5,71
105051,Matthew,Ebden,AUS,Grass,14,28,0.5,72
105216,Yuichi,Sugita,JPN,Grass,14,28,0.5,72
104797,Denis,Istomin,UZB,Grass,13,26,0.5,74
111797,Nicolas,Jarry,CHI,Grass,12,24,0.5,75
105385,Donald,Young,USA,Grass,10,20,0.5,76
104259,Philipp,Kohlschreiber,GER,Grass,16,33,0.4848,77
106233,Dominic,Thiem,AUT,Grass,15,31,0.4839,78
104527,Stan,Wawrinka,SUI,Grass,14,29,0.4828,79
105732,Pierre Hugues,Herbert,FRA,Grass,14,29,0.4828,79
124187,Reilly,Opelka,USA,Grass,12,25,0.48,81
126846,Aleksandar,Vukic,AUS,Grass,11,23,0.4783,82
200221,Alejandro,Davidovich Fokina,ESP,Grass,11,23,0.4783,82
200325,Emil,Ruusuvuori,FIN,Grass,11,23,0.4783,82
106000,Damir,Dzumhur,BIH,Grass,10,21,0.4762,85
106426,Cristian,Garin,CHI,Grass,10,21,0.4762,85
122298,Botic,Van De Zandschulp,NED,Grass,10,21,0.4762,85
105554,Daniel,Evans,GBR,Grass,18,38,0.4737,88
105526,Jan Lennard,Struff,GER,Grass,26,55,0.4727,89
105332,Benoit,Paire,FRA,Grass,16,34,0.4706,90
133430,Denis,Shapovalov,CAN,Grass,21,45,0.4667,91
104898,Robin,Haase,NED,Grass,14,30,0.4667,92
106432,Borna,Coric,CRO,Grass,12,26,0.4615,93
200175,Miomir,Kecmanovic,SRB,Grass,17,37,0.4595,94
105932,Nikoloz,Basilashvili,GEO,Grass,16,35,0.4571,95
144750,Lloyd,Harris,RSA,Grass,9,20,0.45,96
126239,Arthur,Rinderknech,FRA,Grass,13,29,0.4483,97
105550,Guido,Pella,ARG,Grass,11,25,0.44,98
106378,Kyle,Edmund,GBR,Grass,11,25,0.44,98
105376,Peter,Gojowczyk,GER,Grass,10,23,0.4348,100
126127,Benjamin,Bonzi,FRA,Grass,10,23,0.4348,100
105577,Vasek,Pospisil,CAN,Grass,14,33,0.4242,102
104871,Jeremy,Chardy,FRA,Grass,13,31,0.4194,103
105357,John,Millman,AUS,Grass,13,31,0.4194,103
105062,Mikhail,Kukushkin,KAZ,Grass,12,29,0.4138,105
104269,Fernando,Verdasco,ESP,Grass,13,32,0.4063,106
105379,Aljaz,Bedene,SLO,Grass,12,30,0.4,107
104660,Sergiy,Stakhovsky,UKR,Grass,8,20,0.4,108
106043,Diego,Schwartzman,ARG,Grass,10,26,0.3846,109
105902,James,Duckworth,AUS,Grass,11,29,0.3793,110
104022,Mikhail,Youzhny,RUS,Grass,7,20,0.35,111
105430,Radu,Albot,MDA,Grass,8,24,0.3333,112
105311,Joao,Sousa,POR,Grass,10,32,0.3125,113
111513,Laslo,Djere,SRB,Grass,8,26,0.3077,114
105575,Ricardas,Berankis,LTU,Grass,6,20,0.3,115
144719,Jaume,Munar,ESP,Grass,6,20,0.3,115
200615,Alexei,Popyrin,AUS,Grass,7,24,0.2917,117
105077,Albert,Ramos,ESP,Grass,5,20,0.25,118
105583,Dusan,Lajovic,SRB,Grass,5,21,0.2381,119
104925,Novak,Djokovic,SRB,Hard,347,402,0.8632,1
103819,Roger,Federer,SUI,Hard,170,199,0.8543,2
206173,Jannik,Sinner,ITA,Hard,232,287,0.8084,3
207989,Carlos,Alcaraz,ESP,Hard,142,184,0.7717,4
104745,Rafael,Nadal,ESP,Hard,188,247,0.7611,5
105223,Juan Martin,del Potro,ARG,Hard,95,126,0.754,6
106421,Daniil,Medvedev,RUS,Hard,327,446,0.7332,7
211663,Joao,Fonseca,BRA,Hard,23,33,0.697,8
100644,Alexander,Zverev,GER,Hard,308,446,0.6906,9
104918,Andy,Murray,GBR,Hard,173,257,0.6732,10
105453,Kei,Nishikori,JPN,Hard,166,248,0.6694,11
104607,Tomas,Berdych,CZE,Hard,108,163,0.6626,12
200282,Alex,De Minaur,AUS,Hard,235,358,0.6564,13
106401,Nick,Kyrgios,AUS,Hard,141,215,0.6558,14
104792,Gael,Monfils,FRA,Hard,200,306,0.6536,15
207733,Jack,Draper,GBR,Hard,69,106,0.6509,16
105683,Milos,Raonic,CAN,Hard,141,217,0.6498,17
104542,Jo-Wilfried,Tsonga,FRA,Hard,104,161,0.646,18
126774,Stefanos,Tsitsipas,GRE,Hard,222,345,0.6435,19
105777,Grigor,Dimitrov,BUL,Hard,247,385,0.6416,20
210530,Learner,Tien,USA,Hard,37,58,0.6379,21
126094,Andrey,Rublev,RUS,Hard,261,411,0.635,22
208029,Holger,Rune,DEN,Hard,110,174,0.6322,23
200000,Felix,Auger Aliassime,CAN,Hard,185,295,0.6271,24
103970,David,Ferrer,ESP,Hard,76,122,0.623,25
210150,Jakub,Mensik,CZE,Hard,44,71,0.6197,26
105138,Roberto,Bautista Agut,ESP,Hard,232,375,0.6187,27
210097,Ben,Shelton,USA,Hard,81,131,0.6183,28
104527,Stan,Wawrinka,SUI,Hard,165,267,0.618,29
126203,Taylor,Fritz,USA,Hard,237,385,0.6156,30
200624,Sebastian,Korda,USA,Hard,105,171,0.614,31
126205,Tommy,Paul,USA,Hard,143,236,0.6059,32
128034,Hubert,Hurkacz,POL,Hard,156,259,0.6023,33
104731,Kevin,Anderson,RSA,Hard,123,206,0.5971,34
106233,Dominic,Thiem,AUT,Hard,155,260,0.5962,35
209950,Arthur,Fils,FRA,Hard,50,84,0.5952,36
105227,Marin,Cilic,CRO,Hard,183,310,0.5903,37
208103,Jiri,Lehecka,CZE,Hard,86,147,0.585,38
104545,John,Isner,USA,Hard,171,294,0.5816,39
200005,Ugo,Humbert,FRA,Hard,123,212,0.5802,40
202385,Jenson,Brooksby,USA,Hard,47,81,0.5802,41
105807,Pablo,Carreno Busta,ESP,Hard,158,273,0.5788,42
134770,Casper,Ruud,NOR,Hard,129,223,0.5785,43
111575,Karen,Khachanov,RUS,Hard,198,345,0.5739,44
133430,Denis,Shapovalov,CAN,Hard,176,308,0.5714,45
105676,David,Goffin,BEL,Hard,194,342,0.5673,46
207830,Tomas,Machac,CZE,Hard,54,96,0.5625,47
106058,Jack,Sock,USA,Hard,102,182,0.5604,48
126610,Matteo,Berrettini,ITA,Hard,102,182,0.5604,48
200325,Emil,Ruusuvuori,FIN,Hard,85,152,0.5592,50
111815,Cameron,Norrie,GBR,Hard,147,264,0.5568,51
104755,Richard,Gasquet,FRA,Hard,138,248,0.5565,52
111202,Hyeon,Chung,KOR,Hard,65,117,0.5556,53
104571,Marcos,Baghdatis,CYP,Hard,62,112,0.5536,54
206909,Brandon,Nakashima,USA,Hard,92,167,0.5509,55
106071,Bernard,Tomic,AUS,Hard,66,120,0.55,56
104180,Gilles,Muller,LUX,Hard,68,125,0.544,57
124187,Reilly,Opelka,USA,Hard,93,174,0.5345,58
144750,Lloyd,Harris,RSA,Hard,63,118,0.5339,59
126207,Frances,Tiafoe,USA,Hard,166,313,0.5304,60
106378,Kyle,Edmund,GBR,Hard,83,157,0.5287,61
104468,Gilles,Simon,FRA,Hard,110,209,0.5263,62
106298,Lucas,Pouille,FRA,Hard,83,158,0.5253,63
200221,Alejandro,Davidovich Fokina,ESP,Hard,97,185,0.5243,64
210506,Alex,Michelsen,USA,Hard,47,90,0.5222,65
125802,Ilya,Ivashka,BLR,Hard,60,116,0.5172,66
106432,Borna,Coric,CRO,Hard,139,269,0.5167,67
105554,Daniel,Evans,GBR,Hard,113,219,0.516,68
106043,Diego,Schwartzman,ARG,Hard,120,233,0.515,69
104259,Philipp,Kohlschreiber,GER,Hard,74,144,0.5139,70
105992,Ryan,Harrison,USA,Hard,52,102,0.5098,71
104871,Jeremy,Chardy,FRA,Hard,87,171,0.5088,72
105723,Andrey,Kuznetsov,RUS,Hard,34,67,0.5075,73
206681,Fabian,Marozsan,HUN,Hard,41,81,0.5062,74
104926,Fabio,Fognini,ITA,Hard,109,216,0.5046,75
207518,Lorenzo,Musetti,ITA,Hard,83,165,0.503,76
105173,Adrian,Mannarino,FRA,Hard,194,386,0.5026,77
105936,Filip,Krajinovic,SRB,Hard,79,158,0.5,78
104678,Viktor,Troicki,SRB,Hard,74,148,0.5,79
202103,Francisco,Cerundolo,ARG,Hard,52,104,0.5,80
208286,Matteo,Arnaldi,ITA,Hard,42,84,0.5,81
208659,Giovanni,Mpetshi Perricard,FRA,Hard,26,52,0.5,82
105668,Jerzy,Janowicz,POL,Hard,21,42,0.5,83
122330,Alexander,Bublik,KAZ,Hard,114,229,0.4978,84
200175,Miomir,Kecmanovic,SRB,Hard,112,225,0.4978,85
122298,Botic,Van De Zandschulp,NED,Hard,74,149,0.4966,86
105575,Ricardas,Berankis,LTU,Hard,70,141,0.4965,87
103333,Ivo,Karlovic,CRO,Hard,69,139,0.4964,88
106234,Aslan,Karatsev,RUS,Hard,53,107,0.4953,89
200267,Zizou,Bergs,BEL,Hard,42,85,0.4941,90
207925,Flavio,Cobolli,ITA,Hard,38,77,0.4935,91
105916,Marton,Fucsovics,HUN,Hard,102,207,0.4928,92
104327,Steve,Darcis,BEL,Hard,32,65,0.4923,93
106415,Yoshihito,Nishioka,JPN,Hard,121,246,0.4919,94
105449,Steve,Johnson,USA,Hard,108,220,0.4909,95
144707,Mikael,Ymer,SWE,Hard,53,108,0.4907,96
105238,Alexandr,Dolgopolov,UKR,Hard,44,90,0.4889,97
134868,Tallon,Griekspoor,NED,Hard,75,154,0.487,98
105385,Donald,Young,USA,Hard,56,115,0.487,99
126239,Arthur,Rinderknech,FRA,Hard,63,130,0.4846,100
106218,Marcos,Giron,USA,Hard,89,184,0.4837,101
111442,Jordan,Thompson,AUS,Hard,103,213,0.4836,102
105357,John,Millman,AUS,Hard,87,182,0.478,103
104312,Andreas,Seppi,ITA,Hard,76,159,0.478,104
209992,Juncheng,Shang,CHN,Hard,31,65,0.4769,105
104269,Fernando,Verdasco,ESP,Hard,80,168,0.4762,106
105023,Sam,Querrey,USA,Hard,84,177,0.4746,107
209113,Gabriel,Diallo,CAN,Hard,26,55,0.4727,108
132686,Nuno,Borges,POR,Hard,41,87,0.4713,109
144895,Corentin,Moutet,FRA,Hard,51,109,0.4679,110
111456,Mackenzie,Mcdonald,USA,Hard,87,186,0.4677,111
126214,Alejandro,Tabilo,CHI,Hard,34,73,0.4658,112
105577,Vasek,Pospisil,CAN,Hard,74,159,0.4654,113
111577,Jared,Donaldson,USA,Hard,38,82,0.4634,114
136440,Dominik,Koepfer,GER,Hard,37,80,0.4625,115
104338,Juan,Monaco,ARG,Hard,12,26,0.4615,116
200670,J J,Wolf,USA,Hard,35,76,0.4605,117
132283,Lorenzo,Sonego,ITA,Hard,89,194,0.4588,118
105732,Pierre Hugues,Herbert,FRA,Hard,66,144,0.4583,119
200615,Alexei,Popyrin,AUS,Hard,75,164,0.4573,120
104919,Leonardo,Mayer,ARG,Hard,37,81,0.4568,121
105526,Jan Lennard,Struff,GER,Hard,119,261,0.4559,122
103852,Feliciano,Lopez,ESP,Hard,75,165,0.4545,123
126127,Benjamin,Bonzi,FRA,Hard,44,97,0.4536,124
144869,Tomas Martin,Etcheverry,ARG,Hard,39,86,0.4535,125
105932,Nikoloz,Basilashvili,GEO,Hard,90,199,0.4523,126
106000,Damir,Dzumhur,BIH,Hard,84,186,0.4516,127
207686,Alexander,Shevchenko,KAZ,Hard,32,71,0.4507,128
105376,Peter,Gojowczyk,GER,Hard,50,111,0.4505,129
103917,Nicolas,Mahut,FRA,Hard,34,76,0.4474,130
105373,Martin,Klizan,SVK,Hard,40,90,0.4444,131
126128,Roman,Safiullin,RUS,Hard,40,90,0.4444,131
105379,Aljaz,Bedene,SLO,Hard,48,109,0.4404,133
202195,Maxime,Cressy,USA,Hard,29,66,0.4394,134
105062,Mikhail,Kukushkin,KAZ,Hard,76,173,0.4393,135
105311,Joao,Sousa,POR,Hard,83,189,0.4392,136
105332,Benoit,Paire,FRA,Hard,96,219,0.4384,137
104547,Horacio,Zeballos,ARG,Hard,14,32,0.4375,138
144817,Marc Andrea,Huesler,SUI,Hard,22,51,0.4314,139
104898,Robin,Haase,NED,Hard,59,137,0.4307,140
104229,Yen Hsun,Lu,TPE,Hard,31,72,0.4306,141
105011,Illya,Marchenko,UKR,Hard,24,56,0.4286,142
103990,Tommy,Robredo,ESP,Hard,15,35,0.4286,143
105550,Guido,Pella,ARG,Hard,47,110,0.4273,144
105870,Yannick,Hanfmann,GER,Hard,23,54,0.4259,145
144684,Alex,Molcan,SVK,Hard,17,40,0.425,146
103898,Julien,Benneteau,FRA,Hard,22,52,0.4231,147
106210,Jiri,Vesely,CZE,Hard,55,132,0.4167,148
105430,Radu,Albot,MDA,Hard,62,150,0.4133,149
124186,Alexandre,Muller,FRA,Hard,26,63,0.4127,150
126846,Aleksandar,Vukic,AUS,Hard,40,97,0.4124,151
104999,Mischa,Zverev,GER,Hard,42,102,0.4118,152
104291,Malek,Jaziri,TUN,Hard,51,124,0.4113,153
105902,James,Duckworth,AUS,Hard,52,127,0.4094,154
104660,Sergiy,Stakhovsky,UKR,Hard,29,71,0.4085,155
111190,Zhizhen,Zhang,CHN,Hard,33,81,0.4074,156
104198,Guillermo,Garcia Lopez,ESP,Hard,40,99,0.404,157
105064,Thomaz,Bellucci,BRA,Hard,21,52,0.4038,158
111797,Nicolas,Jarry,CHI,Hard,39,97,0.4021,159
105583,Dusan,Lajovic,SRB,Hard,76,190,0.4,160
104586,Lukas,Rosol,CZE,Hard,28,70,0.4,161
104620,Simone,Bolelli,ITA,Hard,18,45,0.4,162
106426,Cristian,Garin,CHI,Hard,35,88,0.3977,163
104559,Teymuraz,Gabashvili,RUS,Hard,18,46,0.3913,164
103893,Paolo,Lorenzi,ITA,Hard,32,82,0.3902,165
124116,Sebastian,Ofner,AUT,Hard,16,41,0.3902,166
105216,Yuichi,Sugita,JPN,Hard,30,77,0.3896,167
105815,Tennys,Sandgren,USA,Hard,30,77,0.3896,167
106148,Roberto,Carballes Baena,ESP,Hard,37,96,0.3854,169
144719,Jaume,Munar,ESP,Hard,43,112,0.3839,170
104022,Mikhail,Youzhny,RUS,Hard,28,73,0.3836,171
104655,Pablo,Cuevas,URU,Hard,37,97,0.3814,172
111513,Laslo,Djere,SRB,Hard,44,116,0.3793,173
200303,Pavel,Kotov,RUS,Hard,17,45,0.3778,174
104890,Andreas,Haider Maurer,AUT,Hard,9,24,0.375,175
105051,Matthew,Ebden,AUS,Hard,25,67,0.3731,176
124079,Pedro,Martinez,ESP,Hard,30,81,0.3704,177
105208,Ernests,Gulbis,LAT,Hard,24,65,0.3692,178
126845,Max,Purcell,AUS,Hard,20,55,0.3636,179
106296,Gregoire,Barrere,FRA,Hard,22,61,0.3607,180
105077,Albert,Ramos,ESP,Hard,58,161,0.3602,181
104797,Denis,Istomin,UZB,Hard,32,89,0.3596,182
106005,Constant,Lestienne,FRA,Hard,17,48,0.3542,183
104719,Marcel,Granollers,ESP,Hard,24,68,0.3529,184
104597,Nicolas,Almagro,ESP,Hard,12,34,0.3529,185
111153,Christopher,Eubanks,USA,Hard,26,74,0.3514,186
207985,Jacob,Fearnley,GBR,Hard,7,20,0.35,187
127157,Daniel,Altmaier,GER,Hard,30,86,0.3488,188
109739,Maximilian,Marterer,GER,Hard,19,57,0.3333,189
103794,Benjamin,Becker,GER,Hard,13,39,0.3333,190
106214,Oscar,Otte,GER,Hard,15,47,0.3191,191
111460,Quentin,Halys,FRA,Hard,27,86,0.314,192
104665,Pablo,Andujar,ESP,Hard,19,65,0.2923,193
202104,Sebastian,Baez,ARG,Hard,23,79,0.2911,194
105643,Federico,Delbonis,ARG,Hard,24,83,0.2892,195
105053,Santiago,Giraldo,COL,Hard,9,32,0.2813,196
103565,Stephane,Robert,FRA,Hard,8,29,0.2759,197
208363,Mariano,Navone,ARG,Hard,8,29,0.2759,197
103607,Victor,Estrella,DOM,Hard,9,35,0.2571,199
106398,Pedro,Cachin,ARG,Hard,5,21,0.2381,200
209260,Luciano,Darderi,ITA,Hard,8,36,0.2222,201
126523,Bernabe,Zapata Miralles,ESP,Hard,7,32,0.2188,202
106065,Marco,Cecchinato,ITA,Hard,12,55,0.2182,203
105948,Federico,Coria,ARG,Hard,6,32,0.1875,204
104252,Florian,Mayer,GER,Hard,3,22,0.1364,205
